date,headline,author
"May, 11, 2020",Tesla Is More Than A Car Maker,The Value Trend
"May, 8, 2020",Tesla: World Domination Lies In The Palm Of Its Hand,Louis Stevens
"May, 7, 2020","Tesla: The Range Discrepancy, Part II",RD Barris
"May, 7, 2020",Tesla: The S&P 500 Battle,Bill Maurer
"May, 5, 2020",Why I Sold All My Tesla Shares,Victor Dergunov
"May, 4, 2020",Tesla Delivers - But A Tweet Storm Ensues,Value Ninja
"May, 4, 2020",Tesla's Illusory Liquidity: An Update And Cash Burn Estimate,Montana Skeptic
"May, 1, 2020","Tesla Shows Q1 Profit, Remains Expensive But Is Still A Buy",Cohan Chew
"May, 1, 2020",Tesla: Q1 Credit Sales Fuel Beats,Bill Maurer
"Apr, 30, 2020",Tesla: Some Cash Concerns,Dan Stringer
"Apr, 30, 2020",Tesla: Elon Musk Share Pledging Soars,Bill Maurer
"Apr, 30, 2020",Tesla Needs To Correct A Material 10-Q Error,Montana Skeptic
"Apr, 29, 2020",Tesla CEO's Big Payday - Coming Soon,jaberwock
"Apr, 28, 2020",Tesla Takes China Subsidy Hit,Bill Maurer
"Apr, 27, 2020",How Strong Is China's Leverage Over Tesla?,Montana Skeptic
"Apr, 25, 2020",Tesla May Increase Earnings With Virtual Power Plants,Ross Tessien
"Apr, 24, 2020",The Tesla Semi Is Still Stalled,John Engle
"Apr, 24, 2020",Tesla's Transformation Into A Chinese Company Seems Unstoppable,Editors' Pick
"Apr, 23, 2020",Vertical Integration Will Drive Further Energy Storage Demand For Tesla In 2020 And Beyond,Nick Cox
"Apr, 22, 2020",Tesla Q1 Earnings Preview,Bill Maurer
"Apr, 20, 2020",Tesla Is Not An Automotive Winner In The New Economic Environment,Anton Wahlman
"Apr, 10, 2020",Tesla Needs To Ramp Up Shanghai Production Further To Meet Demand In 2020,Nick Cox
"Apr, 9, 2020",Tesla Faces Coronavirus Cash Crunch,John Engle
"Apr, 9, 2020",Tesla's First Quarter Model S And X Sales Lowest In Years,Bill Cunningham
"Apr, 9, 2020",Multiple Real-World Tests Show That Tesla Has No 'Secret Sauce' With Its Battery Range,RD Barris
"Apr, 8, 2020",Tesla: Estimating Q1 Cash Burn,Bill Maurer
"Apr, 8, 2020",Tesla Unsold Inventory Soars 112%,Donn Bailey
"Apr, 7, 2020",Why Tesla Remains A Strong Buy,Victor Dergunov
"Apr, 6, 2020","For Tesla, Coronavirus Changes Everything",Montana Skeptic
"Apr, 5, 2020",Tesla Fiat Agreement: Big Windfall Vs Big Disappointment,Guy Whitehead
"Apr, 4, 2020","Tesla: From Little Things, Big Things Grow",Keith Williams
"Apr, 3, 2020",Tesla Q1 Units Release Disappointing,Bill Maurer
"Apr, 3, 2020",Some Thoughts On The Outlook For Tesla's Q2 Sales: Lower,Anton Wahlman
"Apr, 3, 2020",Tesla's Delivery Report Is Unusually Curt,Montana Skeptic
"Mar, 30, 2020",Tesla: End Of Q1 Setup,Bill Maurer
"Mar, 30, 2020",Tesla Faces Existential Risks,Alpha Generator
"Mar, 30, 2020",Tesla: Lessons From A Cage Fighter,Montana Skeptic
"Mar, 27, 2020",Tesla's New Market Share Loss In Norway,Anton Wahlman
"Mar, 26, 2020",Tesla: A Bear Turns More Positive,Value Ninja
"Mar, 23, 2020",Tesla: Elon Musk Wins Again,Bill Maurer
"Mar, 23, 2020",Why We Downgraded Tesla And How We Get Back In,"Elazar Advisors, LLC"
"Mar, 22, 2020",Tesla's Liquidity Is Largely Illusory,Montana Skeptic
"Mar, 20, 2020","Tesla: Sub $35,000 Model 3 Here",Bill Maurer
"Mar, 17, 2020",Massive Tax Breaks In The U.K. Bring Both Opportunity And Risk For Tesla,jaberwock
"Mar, 16, 2020",Tesla Should Raise Capital Again,Bill Maurer
"Mar, 13, 2020",Tesla Looking For More Subsidies,Bill Maurer
"Mar, 12, 2020",Tesla: Solving Autonomous Driving Like A Video Game,Eady Capital
"Mar, 12, 2020","Collect $41 Million From Tesla? It's Up To You, New York",Montana Skeptic
"Mar, 11, 2020","In The Hole In 3 European Countries, Tesla Has Much Wood To Chop For Q1",Anton Wahlman
"Mar, 9, 2020",Tesla: Be Ready For A Big Q1 Miss,MangoTree Analysis
"Mar, 9, 2020",Tesla Q1 Push Faces Major Uncertainty,Bill Maurer
"Mar, 5, 2020",Battery Cells: Tesla Could Lose The Competition For Independence,The European View
"Mar, 5, 2020",Tesla: China Hardware Issue A Bad Look,Bill Maurer
"Mar, 5, 2020",Tesla's Gross Margin: Bad To Worse,RD Barris
"Mar, 2, 2020","Norway February Electric Car Sales Are In, And Tesla Was Beaten By The Competition",Anton Wahlman
"Feb, 28, 2020",Stationary Batteries Will Become The Other Half Of Tesla's Business,Keith Williams
"Feb, 28, 2020",Tesla: Model 3 Losing Market Share In Europe Will Hurt,Gold Panda
"Feb, 27, 2020",Tesla Risk On The Rise,Bill Maurer
"Feb, 24, 2020",On First Looking Into Tesla's 10-K,Montana Skeptic
"Feb, 20, 2020","Tesla: Bullish Q4 Print, Moving To Neutral",MangoTree Analysis
"Feb, 19, 2020",Tesla Has A 'Delirious' Valuation No Matter How You Look At It,John Alford
"Feb, 18, 2020",Tesla's Big Revenue Shift In 2019,Donn Bailey
"Feb, 18, 2020",Tesla: More Mixed Messages,Bill Maurer
"Feb, 18, 2020",Think Of Tesla Stock As The Hermes Birkin Handbag For Today's Equity Market,Doron Levin
"Feb, 18, 2020",Tesla: Bullish Stock Action,"Elazar Advisors, LLC"
"Feb, 13, 2020",Energy Storage Will Electrify Tesla's Future Results,Nick Cox
"Feb, 13, 2020",Tesla Raises Money Before Investors See The Bad European Sales Numbers,Anton Wahlman
"Feb, 11, 2020",Tesla: No Excuses Now,Bill Maurer
"Feb, 11, 2020",ETFs Continue To Pump The Brakes On Tesla,ETF Global
"Feb, 11, 2020",Fear Turns Into Fear Of Missing Out - Alpha Trader Talks With Helene Meisler (Podcast),Alpha Trader
"Feb, 10, 2020",Academic Research Says Tesla Likely To Give Back At Least Some Short Squeeze Gains,Logan Kane
"Feb, 10, 2020",Tesla: Overvalued But Has Potential For Long-Term Growth,Steven Fiorillo
"Feb, 10, 2020","Tesla: No Bubble Here, Contrarian Divergence - Bullish","Elazar Advisors, LLC"
"Feb, 10, 2020",Tesla: An Obvious Sell At Above $750,Conviction Capital Research
"Feb, 9, 2020",Tesla's Potential Trajectory During The Next 5 Years,ARK Investment Management
"Feb, 8, 2020",Tesla's 'Foundational Rewrite' Of Autopilot: An Overlooked Upside Risk,Eady Capital
"Feb, 7, 2020",Tesla: Shareholders Should Prepare For Potential Dilution,ALT Perspective
"Feb, 7, 2020",LiDAR: Discussing The Best Autonomous Driving Sensor Suite,Long Term Tips
"Feb, 7, 2020",A Do-It-Yourself (DIY) Valuation Of Tesla: Of Investment Regrets And Disagreements,Aswath Damodaran
"Feb, 6, 2020",Tesla: Reminiscences Of A Stock Bubble,Louis Stevens
"Feb, 6, 2020",Tesla: No More Short Squeeze In Sight,Kwan-Chen Ma
"Feb, 5, 2020",Tesla: The Top Is Here,Victor Dergunov
"Feb, 4, 2020",Tesla: Fake News Fuels Rally,Bill Maurer
"Feb, 4, 2020","5 Reasons Tesla Shorts Should Double Up, Not Give Up",Tariq Dennison
"Feb, 3, 2020",Tesla Stock Price Goes Ballistic,Donn Bailey
"Feb, 3, 2020","Even Assuming Full Production Capacity From 2 Factories, Tesla Shares Are Too Expensive",Ruerd Heeg
"Feb, 3, 2020",The Key To Tesla's Future Is Full Self-Driving,Bram de Haas
"Feb, 2, 2020","Tesla: A Solid Year, But The Future Is Even Brighter",Pinxter Analytics
"Jan, 31, 2020","Tesla: Tracking The Amazon/Apple Paradigms, And It's Still Early Days",DoctoRx
"Jan, 31, 2020",An Ode To Luck: Revisiting My Tesla Valuation,Aswath Damodaran
"Jan, 30, 2020",The Verdict Is In: Audi And Jaguar Electric SUVs Outsold Tesla Model X And S In Europe,Anton Wahlman
"Jan, 30, 2020",Tesla Surges Despite Mixed Results,Bill Maurer
"Jan, 29, 2020","In The Second Half Of 2019, Tesla's Revenue Fell 3%, And Earnings Fell 45%",Anton Wahlman
"Jan, 28, 2020",Fear Of Missing Out Turns Into Fear (Podcast),Alpha Trader
"Jan, 27, 2020",Tesla: It's Earnings Time,Bill Maurer
"Jan, 27, 2020",Tesla Will Likely Report A GAAP Profit In Its Q4 Earnings Report,iBEV
"Jan, 27, 2020",6 Questions For Tesla's Earnings Call,Montana Skeptic
"Jan, 25, 2020",Tesla's Sweet Timing On Its BEV Truck,Keith Williams
"Jan, 24, 2020",Tesla's European Model 3 Sales To Decline By 60% In January Based On Registration Data,Anton Wahlman
"Jan, 23, 2020",Tesla's Capacity Expansion Will Send Margins Into Reverse,Critical Scenarios
"Jan, 23, 2020",Here's Why Tesla Continues Its Surge,Victor Dergunov
"Jan, 23, 2020",The Next Really Big Thing - Cody Willard Talks With Alpha Trader (Podcast Transcript),Alpha Trader
"Jan, 22, 2020","Tesla Is In Ludicrous Mode, But Curves Ahead For The Auto Sector (Video)",Stock Waves
"Jan, 21, 2020",Tesla Autopilot Safety Rate Crashes,Bill Maurer
"Jan, 21, 2020",Tesla Lost U.S. Market Share To Cadillac And Lincoln In 2019,Anton Wahlman
"Jan, 21, 2020",The Next Really Big Thing - Cody Willard Talks With Alpha Trader (Podcast),Alpha Trader
"Jan, 20, 2020",Tesla's Q4 Earnings: Expect A Substantial Beat,Long Term Tips
"Jan, 17, 2020",Tesla Is Going Nowhere,Decoding Markets
"Jan, 17, 2020",Tesla's Supercharger Powerhouse,Long Term Tips
"Jan, 17, 2020",Our Eye Is On Tesla With A 10-Year Production Forecast - Target Price: $655.72,HedgeMix Limited
"Jan, 16, 2020","Tesla Stock Has Come Too Far, Too Fast",Adam Levine-Weinberg CFA
"Jan, 16, 2020",Even Bulls Are Selling Tesla At A $90 Billion Market Cap,ASB Capital
"Jan, 16, 2020",Tesla: Euphoria Kicks In,Sean Chandler
"Jan, 15, 2020",Tesla: 2020 Key Numbers,Bill Maurer
"Jan, 15, 2020",Tesla's Decidedly Mediocre Margin,Montana Skeptic
"Jan, 14, 2020",Breaking Down Tesla Stock Price,Kwan-Chen Ma
"Jan, 14, 2020",German Gigafactory To Be The Final Piece In The Puzzle For Tesla,Nick Cox
"Jan, 14, 2020","Tesla: Monster Run, Still Bullish, Still Upside, But Watching Q4 EPS","Elazar Advisors, LLC"
"Jan, 13, 2020",Tesla: Predictions For 2020,Bill Maurer
"Jan, 13, 2020",Electricity Shock: Toyota Camry Cheaper To Fuel Than A Tesla Model 3,Anton Wahlman
"Jan, 12, 2020","Tesla: Self-Supervised Learning, Dojo, And Full Self-Driving",Eady Capital
"Jan, 10, 2020",Musk Is Dancing For A Reason,Louis Stevens
"Jan, 9, 2020",Tesla: Time For Capital Raise,Bill Maurer
"Jan, 7, 2020",Tesla: There Is A Better Option To Invest Your Money And Addressing Bullish Tesla Arguments,The European View
"Jan, 7, 2020",Tesla Q4 Deliveries Quite Strong,Bill Maurer
"Jan, 6, 2020","Tesla At $451 A Share, Post 2019 Delivery Numbers, Is A ('Soft') Sell",The Fortune Teller
"Jan, 6, 2020",Tesla: Running Out Of Steam,Common Sense Trades
"Jan, 6, 2020","Forget The Share Price, Tesla Is Still A Short",RD Barris
"Jan, 3, 2020",My Fearless Forecasts For Tesla's 2020,Montana Skeptic
"Jan, 2, 2020","Tesla: Ahead Of A Reduction In The EV Tax Incentive In The Netherlands, Record Sales",Anton Wahlman
"Dec, 31, 2019",Tesla: Making The Most Out Of Extreme Volatility And High Voltage,The Fortune Teller
"Dec, 31, 2019",12.76 Million New Reasons To Sell Tesla Shares,Ruerd Heeg
"Dec, 30, 2019",Tesla: Q4 Expectations Surge,Bill Maurer
"Dec, 27, 2019",What To Expect For Tesla's Fourth Quarter Deliveries,Long Term Tips
"Dec, 27, 2019",Tesla: We Need To Talk About The Model Y,John Engle
"Dec, 26, 2019",Tesla's Q1 And Q2 2020 Will Be Disastrous,Valueseeker
"Dec, 24, 2019","Tesla: Q4 Strong, Still Big Upside","Elazar Advisors, LLC"
"Dec, 23, 2019",China And Tesla Both To Benefit From Shanghai Project,Nick Cox
"Dec, 23, 2019","Tesla's Warranty Expense: Quality Improves, But Some Numbers Don't 'Foot'",Bill Cunningham
"Dec, 23, 2019",Tesla Warranty Expense: A Case Of Goodwill By The Auditors,Montana Skeptic
"Dec, 22, 2019",Tesla: Get Ready For Another Profitable Fourth Quarter,Victor Dergunov
"Dec, 20, 2019",Time To Start Trimming Tesla,Kirk Spano
"Dec, 19, 2019",Tesla: The Key Reason The Shorts Are Getting Run Over,DoctoRx
"Dec, 19, 2019",A Tesla Shareholder's Biggest Fear: Robotaxis,Sean Chandler
"Dec, 18, 2019",Tesla: New Estimates Not Good,Bill Maurer
"Dec, 17, 2019",Dissecting The Life-Cycle Profitability Of Tesla's Leased Cars,Bill Cunningham
"Dec, 16, 2019",The Tesla Cybertruck Is No Ford F-150,John Engle
"Dec, 13, 2019","Tesla, The Small Stuff Means Big Business",Keith Williams
"Dec, 11, 2019",Tesla's Accounts Receivables Narrative Does Not Hold Up To Scrutiny,EnerTuition
"Dec, 11, 2019",Battery Developments Coming Thick And Fast For Tesla,Nick Cox
"Dec, 11, 2019",Tesla: Race To Record Q4,Bill Maurer
"Dec, 9, 2019","Tesla: Nothing Matters, Until Everything Matters",Montana Skeptic
"Dec, 6, 2019",Tesla: The Hype Does Not Reflect Reality,The European View
"Dec, 4, 2019",Tesla Will Likely Achieve Record Deliveries In Q4 Despite Headwinds,iBEV
"Dec, 3, 2019",Tesla: Automatic Labeling For Computer Vision,Eady Capital
"Dec, 3, 2019",Tesla: Ready To Re-Enter The Fast Lane,DoctoRx
"Dec, 2, 2019",Tesla's Cybertruck Is Far From A Failure,Long Term Tips
"Dec, 1, 2019",Tesla Cybertruck Peak Craziness,Bill Maurer
"Nov, 30, 2019",Here's The Real Problem With Tesla's Cybertruck,Sean Chandler
"Nov, 25, 2019",How The Big Tesla Battery Is Making Money,Keith Williams
"Nov, 22, 2019",Tesla Cybertruck Event Falls Flat,Bill Maurer
"Nov, 22, 2019","Tesla's New Pickup Is Ugly, Sell; Also Week-End Rally Pattern Holding But Weakly",David H. Lerner
"Nov, 20, 2019",Tesla: Big Upside,"Elazar Advisors, LLC"
"Nov, 20, 2019",Tesla's Gigafactory 4 Is One Of Elon Musk's Smartest Moves,The European View
"Nov, 19, 2019",Tesla Q4 Halftime Report,Bill Maurer
"Nov, 19, 2019",Tesla Bears Have 9 Lives,ValueAnalyst
"Nov, 18, 2019",Tesla: An Analysis Of Demand In Established Markets,TickerSquare
"Nov, 14, 2019","Tesla Lost Market Share In Q3 To BMW, Mercedes, Audi And Volvo",Anton Wahlman
"Nov, 12, 2019",Tesla: 'Operation Vacation',Eady Capital
"Nov, 11, 2019",Tesla: Another Incentive Declining,Bill Maurer
"Nov, 11, 2019","Tesla: Priced For Hyper-Growth, Yet Not Only Are Revenues Declining But So Are Unit Sales In Mature Markets",Amit Ghate
"Nov, 11, 2019",Tesla And The Demise Of California Air Resource Board's ZEV Credit Market,Jason Mostaccioli
"Nov, 7, 2019",Tesla: It's Not All Doom And Gloom,TickerSquare
"Nov, 6, 2019",Tesla: The Curious Cash Position,Bill Maurer
"Nov, 6, 2019",Energy Storage Moves Up The Agenda For Tesla,Nick Cox
"Nov, 6, 2019","Tesla's Surprise Quarter: A Case Of Accounting Adjustments, Not Operational Improvements",Sunil Shah
"Nov, 4, 2019",Tesla: Weak Sales Outlook Ahead,Aiden Research
"Nov, 4, 2019",Tesla: I Was Horribly Wrong But Quite Right At The Same Time,The European View
"Nov, 1, 2019",Tesla: Battery Supply And Demand At China Gigafactory 3,Robert Castellano
"Oct, 31, 2019",On Tesla And Policy Failure,Rogier van Vlissingen
"Oct, 30, 2019",Tesla: Short Squeeze Rally Doesn't Have 'Extended Range',BOOX Research
"Oct, 29, 2019",Tesla: Another Questionable Solar Roof Launch,Bill Maurer
"Oct, 29, 2019",Tesla And Multitasking,Keith Williams
"Oct, 29, 2019",Tesla Solar Is Still On Life Support,John Engle
"Oct, 29, 2019","In 10-Q, Tesla Admits China Continues To Deny Required Manufacturing License",Anton Wahlman
"Oct, 28, 2019",Why I Do Not Trust Tesla's Books,Ruerd Heeg
"Oct, 25, 2019",Tesla: Structural Profitability Underway,Robbe Delaet
"Oct, 24, 2019",You're Not Going To Believe Tesla's Negative Growth Rates,Anton Wahlman
"Oct, 24, 2019",Numbers Don't Support The Q3 Story At Tesla,ASB Capital
"Oct, 24, 2019",Tesla's Surprise Profit Conceals Deteriorating Fundamentals,John Engle
"Oct, 23, 2019",Tesla Reports Surprise Q3 Profit,Bill Maurer
"Oct, 23, 2019",Here's Why Tesla Will Be Able To 'Produce' The Model Y Earlier Than Previously Expected,Anton Wahlman
"Oct, 22, 2019","Tesla's Model 3 Sales Fall 97% In Norway This October, From The March Peak",Anton Wahlman
"Oct, 21, 2019",Tesla: Q3 Key Earnings Questions,Bill Maurer
"Oct, 21, 2019",Tesla's Cash Balance To Remain Close To $5 Billion At Sept. 30,Bill Cunningham
"Oct, 21, 2019",New Fight With Taycan Shows That Tesla Is Aware Of Strong Competition And Faces Tough Times,The European View
"Oct, 18, 2019",Tesla: Riding The Road To Profitability,Long Term Tips
"Oct, 18, 2019",Tesla Vs. BYD: A Relative Valuation,Kwan-Chen Ma
"Oct, 17, 2019",The Likely Impact Of EU Emission Regulations On Tesla's European Sales,jaberwock
"Oct, 17, 2019",Tesla Q3 Earnings: Model 3 Delivers Sales But Not Profit,CoverDrive
"Oct, 15, 2019",Tesla Battery Storage: Growth Is Limited,Long Term Tips
"Oct, 15, 2019",Cash-Strapped Tesla Unleashes Capital Outlay For Model 3,Hans Centena
"Oct, 15, 2019",Tesla In Australia : Model 3 Sales Impacting ICE Sales,Keith Williams
"Oct, 14, 2019",Tesla: Uphill Battle In China,Bill Maurer
"Oct, 14, 2019",Tesla Semi Can Be A Profitable Niche Player In A Strong Growth Market For Heavy Duty Trucks,Nick Cox
"Oct, 11, 2019",Tesla: Solar Is On The Rise,Long Term Tips
"Oct, 11, 2019",Why Tesla's Earnings Are A Complete Mystery,Sean Chandler
"Oct, 7, 2019",Tesla: EV Benefit Cliff Coming,Bill Maurer
"Oct, 7, 2019",Tesla And Autonomy: The Possibility Of Fast Progress,Eady Capital
"Oct, 4, 2019",Tesla: Semi And Roadster Are Worth Billions,Long Term Tips
"Oct, 3, 2019",Tesla's Share Price Chaos: 4 Reasons Why The Delivery Record Is Not Relevant For Rational Investors,The European View
"Oct, 3, 2019",Tesla's Model Y: This Could Be The Company's Most Profitable Vehicle,Long Term Tips
"Oct, 2, 2019",Tesla Q3 Falls Short Of 100K,Bill Maurer
"Oct, 2, 2019",Structural Reasons For Tesla's Travails,Rogier van Vlissingen
"Sep, 30, 2019",Tesla's Q3 Leaked Email: No Demand Problem,Robbe Delaet
"Sep, 26, 2019",Tesla News: Truth Vs. Reality,Bill Maurer
"Sep, 25, 2019",Tesla's Third Gigafactory: Highly Profitable,Long Term Tips
"Sep, 23, 2019",Tesla: Model Y Potential Limitations,Bill Maurer
"Sep, 23, 2019",Tesla's Production Efficiencies Put 25% Margins In Reach,Long Term Tips
"Sep, 23, 2019",Tesla's Day Of VIE Reckoning Has Arrived,Bill Cunningham
"Sep, 20, 2019",Why China Could Be Tesla's Undoing,Motorhead
"Sep, 19, 2019",Tesla: Expectations Are Set Too High For Q3,jaberwock
"Sep, 17, 2019","Tesla: Q3 Push For 100,000 Sales",Bill Maurer
"Sep, 16, 2019",Tesla Desperately Fights Its Already Lost Battle,The European View
"Sep, 16, 2019",The Decline In High-Margin Models Is The Main Concern For Tesla,Bang For The Buck
"Sep, 16, 2019",Volkswagen ID.3 Vs. Tesla Model 3: The European Electric Car Volume Battle,Anton Wahlman
"Sep, 13, 2019",Tesla Looks Unstoppable,Sean Chandler
"Sep, 13, 2019",Tesla's Million Mile Battery,Randy Carlson
"Sep, 12, 2019",More Broken Promises From Tesla,David Trainer
"Sep, 11, 2019",Tesla: Competition Does Matter,Bill Maurer
"Sep, 11, 2019",Tesla Auto Sales Likely To Boom In Asia In 2020,Nick Cox
"Sep, 10, 2019",Tesla Insurance: A Startling Asset,Long Term Tips
"Sep, 5, 2019",Tesla Vs. Porsche Taycan Is Like iPhone Vs. Android All Over Again,Anton Wahlman
"Sep, 4, 2019","August Numbers Are In For Tesla: Here's A Path To A Disappointing 97,000 For Q3",Anton Wahlman
"Sep, 4, 2019",Tesla: The Growing Nickel Problem,Bill Maurer
"Sep, 2, 2019",Tesla: Revenue Vs. Profitability,Kwan-Chen Ma
"Sep, 2, 2019","Using Quantitative Models To Screen For Winning Trades, With Ruerd Heeg (Podcast)",SA Marketplace Roundtable Podcast
"Aug, 30, 2019",Tesla Is Losing Its Biggest Asset: Its Brand,WY Capital
"Aug, 30, 2019",Tesla: How Margins Could Rise Significantly,Robbe Delaet
"Aug, 29, 2019",Tesla: China Questions Arise,Bill Maurer
"Aug, 27, 2019",Where The Bulls And Bears Are Wrong On Tesla,"Michael Murphy, CFA"
"Aug, 26, 2019",Walmart Surfaces Tesla's Solar Problem,Bram de Haas
"Aug, 26, 2019",How Tesla Model X And S Sales Numbers Were Savaged By Audi And Jaguar,Anton Wahlman
"Aug, 24, 2019",Tesla - China May Not Be Able To Shoulder The Heavy Future,Aiden Research
"Aug, 23, 2019",Tesla's Solar Struggles Continue,Bill Maurer
"Aug, 22, 2019",Tesla's Robotaxi Red Herring,Keubiko
"Aug, 20, 2019",Tesla's New Solar Rental Product Could Decimate Residential Solar Installers,EnerTuition
"Aug, 19, 2019",Tesla Focus Shifts To Sales Mix,Bill Maurer
"Aug, 19, 2019",Tesla Needs More Money,Bram de Haas
"Aug, 16, 2019",Tesla Energy Storage Potential Given Boost At Company And Industry Levels,Nick Cox
"Aug, 13, 2019",The Best Tesla Can Hope For,Renegade Investment Research
"Aug, 13, 2019",Tesla: Enjoy The Valuation Premium While It Lasts Because It's Going Away,"Frank Hacklander, CFA"
"Aug, 12, 2019",Tesla: Production Is A Sensitive Topic Now,Bram de Haas
"Aug, 12, 2019","Tesla's Model 3 Sales In Europe Declined In Q2, July, And Aug. 1-9",Anton Wahlman
"Aug, 11, 2019",Tesla's Advantage In Behaviour Prediction For Autonomous Driving,Eady Capital
"Aug, 10, 2019",The Intrinsic Value Of Tesla,"Vitaliy Gromadin, CFA"
"Aug, 9, 2019",Peak Tesla AKA The Growth Story Is Over,Amit Ghate
"Aug, 8, 2019",Glencore's Mutanda Mine Closure Could Cripple Or Kill Tesla,John Petersen
"Aug, 7, 2019",Tesla: One Year Later,Bill Maurer
"Aug, 5, 2019",Tesla: No Such Thing As 'Structurally Bankrupt',Bay Area Kid
"Aug, 5, 2019",Tesla Trade War Troubles,Bill Maurer
"Aug, 1, 2019","Tesla: Cars, Batteries, And Solar Roofs",William Sabin
"Aug, 1, 2019",Tesla: The Curious Case Of The Model 3 Lease,FundSpec.IO
"Aug, 1, 2019",Tesla's Accomplishments Are Widely Ignored,Sean Chandler
"Aug, 1, 2019",Tesla Bets It All On China,Donn Bailey
"Jul, 31, 2019",Tesla Is No Amazon,John Engle
"Jul, 31, 2019",Tesla: Here's A Problem,Bill Maurer
"Jul, 31, 2019",Tesla: Q2 Is More Than Just A Disaster,WY Capital
"Jul, 30, 2019",Tesla Is Structurally Bankrupt,John Engle
"Jul, 29, 2019",Tesla Reveals In Its 10-Q That It Doesn't Yet Have The Required Manufacturing License For China,Anton Wahlman
"Jul, 29, 2019",Tesla: We Have A Problem,Victor Dergunov
"Jul, 26, 2019","Auto RACE: Ferrari Has The Lead, But Ford Is Making A Move (Video)",Stock Waves
"Jul, 25, 2019",Both Facebook And Tesla Surprise The Market,Richard Windsor CFA
"Jul, 25, 2019",Tesla: When Records Don't Matter,Bill Maurer
"Jul, 25, 2019",3 Key Takeaways From Tesla's Earnings Call,Bram de Haas
"Jul, 25, 2019",Tesla: We're Going To Miss You When You're Gone,Jeremy Raper
"Jul, 24, 2019","Tesla: Elon Musk Has Embraced Competition, But Things Are Changing",Pinxter Analytics
"Jul, 22, 2019",Tesla: Q2 2019 Earnings Preview,Bill Maurer
"Jul, 18, 2019",Tesla: Demand Cliff At The Edge Of The Earth,Guy Whitehead
"Jul, 16, 2019",Tesla Slashes Model 3 Purchase And Lease Prices Again,Fishtown Capital
"Jul, 16, 2019",Model 3 Demand Remains Strong And May Push Tesla's Stock Higher,Mott Capital Management
"Jul, 16, 2019",The Tesla Pickup Truck Will Face Tough Questions On Reliability,John Engle
"Jul, 15, 2019",Tesla: Don't Miss The Forest For The Trees,Taylor Dart
"Jul, 15, 2019",Tesla: Bad Week For Autopilot,Bill Maurer
"Jul, 11, 2019",Tesla Earnings: Big Loss Likely Despite Record Deliveries,John Engle
"Jul, 11, 2019",Tesla: Don't Be Fooled By 'Record' Deliveries,WY Capital
"Jul, 10, 2019",Tesla Short Interest Remains High,ValueAnalyst
"Jul, 10, 2019",Tesla: Q3 Profits,"Elazar Advisors, LLC"
"Jul, 10, 2019","Tesla Quietly Cuts Model 3 Lease Prices Again, Signaling Weak Demand",Fishtown Capital
"Jul, 9, 2019",Battery Developments Will Cement Leading Position Of BYD Auto And Tesla,Nick Cox
"Jul, 8, 2019",Tesla In The Rearview Mirror,Rogier van Vlissingen
"Jul, 8, 2019",Tesla: An Interesting Reaction,Bill Maurer
"Jul, 5, 2019",The Tesla Demand Mirage,"Michael Madden, CFA"
"Jul, 4, 2019",Tesla: The Great American Car Company,Victor Dergunov
"Jul, 3, 2019",Tesla Q2 Sets Quarterly Records,Bill Maurer
"Jul, 1, 2019",Tesla: Europe Q2 Shows Cracks,Bill Maurer
"Jun, 28, 2019","Tesla On Track For 88,000 Units Sold In Q2",Anton Wahlman
"Jun, 27, 2019",Mission Accomplished: Tesla Insider Easy Money Options Exhausted,Renegade Investment Research
"Jun, 26, 2019",Tesla: Close Isn't Good Enough,Bill Maurer
"Jun, 24, 2019",Eyes On Tesla's Unit Cost And Ads ROI,LEL Investment LLC
"Jun, 24, 2019",Tesla Is Losing The Race To Develop Solid-State Battery Tech,John Engle
"Jun, 23, 2019",Tesla's Model 3: Demand Is High,Long Term Tips
"Jun, 21, 2019",Tesla May Need Heavy Fleet Sales To Meet Q2 Guidance,EnerTuition
"Jun, 20, 2019",Tesla's Model S And X: Demand To Rebound,Long Term Tips
"Jun, 19, 2019",Tesla Pickup Truck Claims Defy The Laws Of Physics,John Engle
"Jun, 19, 2019",The Audi eTron Has Now Outsold Tesla Model X And S,Anton Wahlman
"Jun, 17, 2019",Tesla: 3 Items To Watch,Bill Maurer
"Jun, 14, 2019",Tesla To Use Panasonic Cells In China: A Costly And Risky Option,Motorhead
"Jun, 14, 2019",Tesla Bears Don't Panic,jaberwock
"Jun, 12, 2019",Tesla: Where Facts Don't Matter,Bill Maurer
"Jun, 12, 2019",Tesla: Record Short Interest,ValueAnalyst
"Jun, 11, 2019",Tesla: When A Price Cut Is Not A Price Cut,John Engle
"Jun, 10, 2019",Tesla: Sell The Bounce,Bang For The Buck
"Jun, 6, 2019",Tesla: Why China Poses High Risks,Motorhead
"Jun, 6, 2019","Tesla Is Going To Sacrifice Profits For Delivery Numbers, Again",Acolyte of Value
"Jun, 5, 2019",Tesla Likely Needs A Miracle June,Bill Maurer
"Jun, 5, 2019",The Tide May Be Turning On Tesla Bears,Mott Capital Management
"Jun, 4, 2019",No White Knight Is Coming To Tesla's Rescue,John Engle
"Jun, 4, 2019","May Sales Are In (Mostly): Tesla Has 80,000 Units Within Sight For Q2",Anton Wahlman
"Jun, 4, 2019",Tesla: Focus On The Long Term,MangoTree Analysis
"Jun, 4, 2019",Tesla's Travails: Curfew For A Corporate Teenager?,Editors' Pick
"Jun, 3, 2019",Tesla's U.S. Electrification Lead Is Far From Shrinking,Jason Mostaccioli
"Jun, 3, 2019",Capital Markets Have Stopped Believing Tesla's Promises,John Engle
"May 31, 2019","Sell Tesla: Falling Gas Prices, The Next Demand Headache",BOOX Research
"May 30, 2019",Tesla's Model S Refresh Is Too Little Too Late,John Engle
"May 29, 2019",Tesla: The Real Indicator Of Demand,WY Capital
"May 29, 2019",Tesla: Musk's Twitter Warning,Bill Maurer
"May 29, 2019",Tesla's Catastrophic Miscalculation,Renegade Investment Research
"May 29, 2019",Tesla And Real World Reinforcement Learning At Scale,Eady Capital
"May 29, 2019",2 Fatal Flaws In Ark's 'Bear Case' For Tesla,Bill Cunningham
"May 29, 2019",Tesla Could Fall To $35,Maximilian Dorn
"May 28, 2019",Tesla Is Melting,Victor Dergunov
"May 27, 2019",Tesla: Theories Of Gravity,Randy Carlson
"May 24, 2019",Tesla's Model 3 Demand May Actually Be Rising,Mott Capital Management
"May 24, 2019",The Tesla Bull Camp Continues To Shrink As Outlook Darkens,John Engle
"May 23, 2019","Tesla: Liquidity Aside, Valuation Has Never Been So Reasonable As It's Now",The Fortune Teller
"May 23, 2019","Tesla Bears Need To Take A Step Back, Too",Editors' Pick
"May 23, 2019",Tesla Gets Black Flagged In Growth Race,Donn Bailey
"May 22, 2019",Tesla Splits The Hard Way,Bill Maurer
"May 22, 2019",The Options Market Has A Glimmer Of Hope For Tesla Bulls,Viking Analytics
"May 21, 2019",Crash Protection Kicks In For Tesla,David Pinsen
"May 21, 2019","Tesla: Broken Stock, Not A Broken Company",David Zanoni
"May 20, 2019",Tesla Can't Afford To Abandon Its Solar Roof Fantasy,John Engle
"May 20, 2019",Tesla's Problems Only Growing,Bill Maurer
"May 17, 2019",Are Tesla Cars Crazy Expensive To Insure?,Steven Moseley
"May 17, 2019",Tesla Pivots To Oblivion,Andreas Hopf
"May 17, 2019",Is Musk Panic-Cutting Expenses Because Tesla Is Going To Miss The Quarter Again?,Anton Wahlman
"May 15, 2019",Tesla Can Overcome Supply Constraints In Its Fast-Growing Energy Storage Business,Nick Cox
"May 15, 2019",Tesla's Debt And Cash Flow Issues Are Overblown,CM Market Insights
"May 14, 2019",Tesla And Maxwell: Assessing The Deal,Randy Carlson
"May 13, 2019",Tesla Inventory A Major Problem,Bill Maurer
"May 13, 2019","Tesla Trapped Itself With A 90,000+ Deliveries Guidance For Q2 2019",Acolyte of Value
"May 13, 2019",Tesla Robotaxis May Not Be The Gold Mine Musk Imagines,John Engle
"May 11, 2019",Tesla: High Ground Versus Low Ground,Kwan-Chen Ma
"May 10, 2019",Tesla's 2012 Model S Is 61% More Efficient Than Audi's New E-Tron,Sean Chandler
"May 9, 2019",The Little-Known Truth About The Carbon Footprint For The Tesla Model 3 And Other BEVs,Endre Roth
"May 7, 2019","No, Self-Driving Cars Won't Make Tesla A $500 Billion Company And Here's Why",Sunset Analysis
"May 7, 2019",Tesla Capital Raise A Start,Bill Maurer
"May 6, 2019",Tesla's Solar Business Approaches Terminal Decline,John Engle
"May 6, 2019",Does Tesla Still Have An Edge?,Randy Carlson
"May 6, 2019",Tesla: Kicking The Can A Little Down The Road,Dan Stringer
"May 6, 2019",Tesla: Adding To Risky Projections,Bill Maurer
"May 6, 2019",Elon Musk Is Gambling With Tesla's Future,John Engle
"May 6, 2019",Tesla: Insurance Pivot Likely To Fail,WY Capital
"May 6, 2019","Tesla: Elon Musk Moves The Goal Posts, Again",Donn Bailey
"May 4, 2019",The Auto Sector's Next Turn: The Market Guide,Editors' Pick
"May 3, 2019","After Tesla's 86% Model 3 April Sales Decline In Norway, Volkswagen's e-Golf Now Outsells It",Anton Wahlman
"May 2, 2019","Keeping Tesla At Buy, Lowering PT From $400 To $307",MangoTree Analysis
"May 1, 2019","SEC Settlement With Tesla, Musk Creates New Standard For Social Media Use By Executives",John Petersen
"May 1, 2019","No, Tesla Would Not Love To Be In India",Nikhil Gupta
"Apr, 30, 2019",Tesla Breaks Down,Victor Dergunov
"Apr, 30, 2019",Tesla's Q1 Gross Margins Got An Unexpected And Undisclosed Boost,Grant Beaty
"Apr, 29, 2019",Tesla: 4 Major Questions,Bill Maurer
"Apr, 29, 2019",Elon Musk's Loans Could Smash Tesla Share Price Soon,Sustainable Development Holdings
"Apr, 29, 2019",Deal Underwriters Beware: Tesla Could Miss Its Q2 Guidance,Anton Wahlman
"Apr, 26, 2019",Tesla: Trading The Pullback,Damon Verial
"Apr, 25, 2019",Tesla's Bombshell Earnings Is Helped By A Silver Lining,Sean Chandler
"Apr, 25, 2019",Tesla's Data Advantage,Eady Capital
"Apr, 25, 2019",Tesla: The Numbers Paint A Cloudy Picture,Donn Bailey
"Apr, 25, 2019",Tesla: Pressure On After Earnings,Bill Maurer
"Apr, 24, 2019",Tesla Should See 2019 Net Loss Of $3.5bn,Motorhead
"Apr, 24, 2019",Tesla: Why Did The Autonomy Vehicle Day Turn Me Bullish?,"Ramy Taraboulsi, CFA"
"Apr, 24, 2019",Tesla's Model 3 Sales Fall 82% In Norway And 76% In The Netherlands,Anton Wahlman
"Apr, 23, 2019",Tesla Robotaxi Plan Is Worse Than Half-Baked,John Engle
"Apr, 23, 2019",The Tesla Circus,MangoTree Analysis
"Apr, 23, 2019",Tesla Earnings: Q1 Major Questions,Bill Maurer
"Apr, 22, 2019","Tesla's Accounts Payable Problem - Chronic Rather Than Acute, But Still Severe",Tokyo Picker
"Apr, 22, 2019",Tesla Re-Runs Its October 2016 Press Conference 2.5 Years Later,Anton Wahlman
"Apr, 22, 2019",Tesla: Elon Musk Borrowing Update,Bill Maurer
"Apr, 22, 2019","Tesla's Q1 Issues Reduce Demand Visibility, But Long-Term Demand Still Appears Healthy",The Non-Consensus
"Apr, 18, 2019",Don't Be Surprised If Tesla Posts A Q1 Profit,EnerTuition
"Apr, 18, 2019",Tesla: Not Much Hope Left For The Bulls,WY Capital
"Apr, 17, 2019","Tesla - Panasonic Relationship On The Rocks, Poses Risks",Motorhead
"Apr, 17, 2019",Tesla's Long-Range Model 3 Has A Heavier CO2 Footprint Than Toyota's Camry Hybrid,John Petersen
"Apr, 17, 2019",Tesla: Growth Plans Fall Short,Bill Maurer
"Apr, 16, 2019",Tesla's Autopilot: Their Most Lucrative Asset,Infinity Research
"Apr, 15, 2019","Tesla Model 3 Chaos! Leases, SR And LR Gone, SR+ In The EU, Stealth Price Cuts",Fishtown Capital
"Apr, 15, 2019",Tesla: On The Verge Of A Technical Breakdown,Brad Kenagy
"Apr, 14, 2019",Taking The Long View: Will Tesla's Q1 Disaster Turn Into Q4 Triumph?,Gio Danisi
"Apr, 13, 2019",Crash Protection For Tesla After Greenlight's Warning,David Pinsen
"Apr, 13, 2019",Tesla: The Model 3 Lease Arrives,Tokyo Picker
"Apr, 12, 2019",Tesla: Driving America Forward Act Could Hurt Current Sales,Donn Bailey
"Apr, 12, 2019",Panasonic And Tesla Seem To Differ On The Prospects For Model 3 Profitability,Tokyo Picker
"Apr, 12, 2019",Some Tesla Investors Are Misled By Popular YouTubers,Sean Chandler
"Apr, 11, 2019",5 Questions For Tesla On Autonomy Investor Day,Eady Capital
"Apr, 11, 2019",The Biggest Risk To Tesla - It's Just The Auto Cycle,Eric Basmajian
"Apr, 11, 2019",Tesla: It Can Get Worse,Bill Maurer
"Apr, 10, 2019",Tesla: Q2 Numbers Will Likely Define The Trajectory,Bang For The Buck
"Apr, 10, 2019",Tesla: Bear Admits Car Pool Is A Win,Bram de Haas
"Apr, 9, 2019",Tesla: Cutting Sales Staff Will Cripple Growth Potential,John Engle
"Apr, 9, 2019",Tesla's Rough Ride In The First Quarter,Victor Dergunov
"Apr, 9, 2019",Is The Last Call Bell About To Toll For Tesla?,Editors' Pick
"Apr, 8, 2019","Tesla: The $35,000 Ghost",Bill Maurer
"Apr, 5, 2019","Tesla: Q1 Delivery Miss Secured, Future Quarters May Be Worse",Fishtown Capital
"Apr, 4, 2019",Tesla Model 3 Demand Explained,jaberwock
"Apr, 4, 2019",Musk's And Tesla's Court Problem To Worsen 2 Weeks From Now,Anton Wahlman
"Apr, 4, 2019",Was The Q1 Disaster A Surprise To Tesla Management?,Tokyo Picker
"Apr, 4, 2019","Tesla: Unsold Inventory Soars 51% To Record 18,879 Units In Q1",Donn Bailey
"Apr, 4, 2019",Tesla Q1 Was Really Bad,Bill Maurer
"Apr, 2, 2019",Tesla And Norway: We Hardly Knew Ya!,Anton Wahlman
"Apr, 1, 2019",Tesla: Q1 Headwinds Could Create A Buying Opportunity,MangoTree Analysis
"Apr, 1, 2019",5 Soft Reasons To Reconsider A Tesla Position,Bram de Haas
"Mar, 28, 2019",Tesla Sales Staff Fight For Survival Amid Quarter-End Push,John Engle
"Mar, 28, 2019",Tesla's Growing GHG Credit Treasure Chest,Jason Mostaccioli
"Mar, 27, 2019",How Audi's And Jaguar's EVs Outsold Tesla Model S And X In Europe,Anton Wahlman
"Mar, 26, 2019","My Q1 2019 Unit Sales Estimate For Tesla: 60,828, Down 33% From Q4 2018",Anton Wahlman
"Mar, 26, 2019",Tesla: It's Time For A Customer And Investor Reality Check,Donn Bailey
"Mar, 25, 2019",Tesla: The Final Countdown,Bill Maurer
"Mar, 21, 2019",Tesla: 2019 Production Guidance Mayhem,KRP Research
"Mar, 19, 2019",Tesla Needs More Customers!,Randy Carlson
"Mar, 18, 2019",Tesla's Model Y: Brace For Market Impact,Infinity Research
"Mar, 18, 2019",Last Days For Musk?,Anton Wahlman
"Mar, 18, 2019",Tesla Needs Strong Q1 Finish,Bill Maurer
"Mar, 15, 2019",Tesla And The Governments II: Swimming Against The Tide,Guy Whitehead
"Mar, 14, 2019","Tesla, Waymo, And Autonomous Driving Via Imitation Learning",Eady Capital
"Mar, 14, 2019",The Tesla Network Is Dead,John Engle
"Mar, 14, 2019",Will The Model Y Bankrupt Tesla?,Pinxter Analytics
"Mar, 13, 2019",Tesla's Sales Moat,Sean Chandler
"Mar, 13, 2019",12 Tesla Questions The SEC Should Ask Musk At The Evidentiary Hearing,Anton Wahlman
"Mar, 11, 2019",Tesla Does A Business Plan Reset,EnerTuition
"Mar, 11, 2019",Tesla: Model Y Hail Mary,Bill Maurer
"Mar, 11, 2019",Is The Street Ready For A 33% Tesla Unit Delivery Miss In Q1?,Anton Wahlman
"Mar, 9, 2019",Tesla Shareholders Must Separate Ideology From The Investment,Quoth the Raven
"Mar, 8, 2019",ETF Inclusion Of Tesla: Profits Over Production,ETF Global
"Mar, 8, 2019",Tesla Supercharger V3 A Dud,Bill Maurer
"Mar, 8, 2019",Will Tesla Ever Post Another Profit?,John Engle
"Mar, 7, 2019",Tesla Demand: Poking The Bear Thesis,Gio Danisi
"Mar, 5, 2019",Tesla's Rushed Model Y Unveiling Looks Like Desperation,John Engle
"Mar, 5, 2019",Tesla: Price Cuts Spark Chinese Fury,John Engle
"Mar, 5, 2019",Tesla's Model Y Unveiling March 14 - Why It's Important,Sean Chandler
"Mar, 5, 2019",Tesla Unsecured Debt: Recovery Tops Out At ~30c (If You're Lucky),Jeremy Raper
"Mar, 4, 2019",Tesla: Walls Are Closing In,Bill Maurer
"Mar, 4, 2019",Making A 180-Degree Turn On Maxwell Technologies,Bram de Haas
"Mar, 4, 2019",The Tesla $35K Model 3: Not Quite Short Squeeze Material,Long-Short Manager
"Mar, 4, 2019",The Secret Tesla Conference Call To Which You Were Not Invited,Anton Wahlman
"Mar, 4, 2019",Where The Tesla Bears Are Wrong,MangoTree Analysis
"Mar, 1, 2019",Tesla: The Master Plan Begins To Unravel,Donn Bailey
"Mar, 1, 2019",A Closer Look At Tesla's Updated Model 3 Portfolio,Marginal Analysis
"Feb, 28, 2019",Tesla: Where's The Beef?,Bill Maurer
"Feb, 28, 2019","Tesla: SEC Latest Action Unfounded, Short Squeeze Possible",Ross Tessien
"Feb, 27, 2019",Tesla: The Setup,ValueAnalyst
"Feb, 27, 2019",Tesla Self-Driving: Now What?,Paulo Santos
"Feb, 26, 2019",Tesla's $35K Model 3: Coming Soon,Infinity Research
"Feb, 26, 2019",Tesla: Playing With SEC Fire,Bill Maurer
"Feb, 25, 2019",Tesla: High-End Competition?,Randy Carlson
"Feb, 25, 2019",Tesla: Factors Dragging Down The Share Price,Donn Bailey
"Feb, 25, 2019",Tesla: Musk Indulges In A Self-Driving Car Fantasy Once Again,John Engle
"Feb, 25, 2019",Tesla: Demand Truth Coming Soon,Bill Maurer
"Feb, 25, 2019",Tesla's Low 2019 Capex Could Harm Its Growth Story And Brand Value,Motorhead
"Feb, 25, 2019",Stock Option Liabilities Add Additional Risk To Owning Tesla,David Trainer
"Feb, 22, 2019",The Evolution Of Tesla's Regulatory Credit Revenue,Jason Mostaccioli
"Feb, 21, 2019",Elon Musk On Tesla's Autonomous Tech: Our Data Advantage Is Hard To Overcome,Bram de Haas
"Feb, 20, 2019",Nio Could Be Tesla's Biggest Threat,Bill Maurer
"Feb, 20, 2019",Tesla Model 3 Leasing: Sooner Or Later?,jaberwock
"Feb, 19, 2019",Tesla 10-K: Some Curious Items,Bill Maurer
"Feb, 19, 2019",Tesla's 10-K Suddenly Reveals Regulatory Approval Uncertainty For The China Factory,Anton Wahlman
"Feb, 18, 2019",Tesla: Overvalued After Q4 Earnings Announcement,Kwan-Chen Ma
"Feb, 18, 2019",Tesla: The Importance Of A Chinese Gigafactory,Infinity Research
"Feb, 14, 2019",Government Pressure Mounts On Tesla's Struggling Solar Unit,John Engle
"Feb, 14, 2019",3 Important Things You Might Have Missed On Tesla's Q4 Earnings Call,TechGuy
"Feb, 14, 2019",Why Tesla's Model 3 Price Cuts Aren't About Demand,Marginal Analysis
"Feb, 13, 2019",Tesla Model 3 Drives Off The Demand Cliff,John Engle
"Feb, 13, 2019",Has Model 3 Demand Really Collapsed In The U.S.? Ask Tesla,Tokyo Picker
"Feb, 13, 2019",Tesla Short Squeeze Chances Fall,Bill Maurer
"Feb, 12, 2019",Tesla Bears Retreat,ValueAnalyst
"Feb, 12, 2019",Tesla: Promoted To A 'Favorite' Short,Amit Ghate
"Feb, 11, 2019",Tesla 2019 Starting Very Slowly,Bill Maurer
"Feb, 8, 2019",Tesla: Weak Model 3 Demand In Europe And China May Widen Losses In 2019,Motorhead
"Feb, 7, 2019",Tesla's Perplexing Pricing,Numbers Nerd
"Feb, 7, 2019",Tesla's Solar Business Is Falling Apart,John Engle
"Feb, 6, 2019",Tesla's Largest Competitive Advantage,Infinity Research
"Feb, 5, 2019",A Closer Look At The Tesla - Maxwell Technologies Deal,Bram de Haas
"Feb, 5, 2019",Tesla: Dog And Pony Show,Bill Maurer
"Feb, 5, 2019",Tesla: Cash Coming Into Focus,Dan Stringer
"Feb, 5, 2019",China Project Integral To Tesla's Future,Nick Cox
"Feb, 5, 2019",Tesla: Q4 Invalidates The Bull Thesis,WY Capital
"Feb, 5, 2019",Tesla's Bright Outlook In 2019,Victor Dergunov
"Feb, 5, 2019",Valuing Tesla Based On Vehicle Sales And Autonomy,Eady Capital
"Feb, 4, 2019",Tesla Still Stuck In The Mud In China,John Engle
"Feb, 4, 2019","Heads, Tesla Wins",Randy Carlson
"Feb, 4, 2019","Norway's BEV Market Grew 40% In January, But Tesla's Sales Fell 13%",Anton Wahlman
"Feb, 3, 2019",Stanphyl Capital Letter - January 2019,Logical Thought
"Feb, 1, 2019",Tesla Solar Shenanigans Continue,Bill Maurer
"Feb, 1, 2019",Tesla's 2018 Ideology Shift,Numbers Nerd
"Jan, 31, 2019",The Many Puzzling Non-Answers Tesla Provided On The Conference Call,Anton Wahlman
"Jan, 31, 2019",Tesla: Unsettling Comments From The Earnings Call,Donn Bailey
"Jan, 31, 2019",3 Key Things On The Tesla Numbers,Bram de Haas
"Jan, 31, 2019",Tesla: Q4 Validates The Bull Thesis,MangoTree Analysis
"Jan, 31, 2019",Tesla Q4 Raises Growth Concerns,Bill Maurer
"Jan, 30, 2019",Tesla Stock: Wake Up And Sell The Reality,D. H. Taylor
"Jan, 30, 2019",Tesla: The Powerpack Business And Competing Technologies,Dennis Viliardos
"Jan, 29, 2019",The Tesla Killers Are Finally Here,John Engle
"Jan, 29, 2019",Tesla Bears Beware,ValueAnalyst
"Jan, 28, 2019",Tesla: Here's Why I Just Increased My Position By 42%,Victor Dergunov
"Jan, 28, 2019",Tesla Earnings: 3 Major Questions,Bill Maurer
"Jan, 28, 2019",Tesla's $920 Million Convertible - The Options Have Shrunk,Tokyo Picker
"Jan, 28, 2019",3 Myths About Tesla That Need To Be Squashed,Michael Henage
"Jan, 25, 2019",Tesla May Not Make It Past Q1 Without Vendor Concessions Or A Capital Raise,EnerTuition
"Jan, 24, 2019",Battery Supply And Energy Storage Are Central To Tesla's Future,Nick Cox
"Jan, 24, 2019",Tesla's Almost Useless Order Percentage 'Factoid',Bill Cunningham
"Jan, 24, 2019",Tesla Nearing March Debt Maturity,Bill Maurer
"Jan, 23, 2019",Tesla: End Of Customer Referral Program Weakens Bull Case,Seven Corners Capital Management
"Jan, 23, 2019",Tesla: The Tale Of Vehicle Registrations Continues,Acolyte of Value
"Jan, 23, 2019",Tesla: Reality Sets In,"Kevin Wenck, CFA"
"Jan, 23, 2019",Tesla's Solar Asset Performance Will Ultimately Determine VIE Cash Flows,Investor Gator
"Jan, 23, 2019",Tesla: Was The Selloff An Overreaction?,Damon Verial
"Jan, 23, 2019",Is Tesla Special?,Randy Carlson
"Jan, 22, 2019",Battery Tech: Is Panasonic Leaving Tesla In The Dust?,John Engle
"Jan, 22, 2019",Tesla Raises Supercharger Prices 19% - Now Twice As Expensive As A Toyota Hybrid,Anton Wahlman
"Jan, 22, 2019",Tesla Customers Just Keep Losing,Bill Maurer
"Jan, 22, 2019",Tesla's Supercharger Network: A Significant Competitive Advantage That's Rapidly Evaporating,Amit Ghate
"Jan, 22, 2019",Tesla: A Difficult Road Ahead Or The End Of The Road?,Ken Sanders
"Jan, 22, 2019",Elon Musk Has Buried The Tesla Growth Narrative,John Engle
"Jan, 20, 2019",Tesla Inc.: Poor Analysis Of VIE Exposure Is Misleading; Quick Comment On Layoffs,Morningsidepark
"Jan, 18, 2019",Tesla: We Have A Problem,Bill Maurer
"Jan, 15, 2019",Why Tesla Will Continue To Lead EV Sales For The Foreseeable Future,Marginal Analysis
"Jan, 14, 2019",Tesla: Where's The Twitter Monitor?,Bill Maurer
"Jan, 14, 2019",Tesla's Day Of VIE Reckoning Approaches,Editors' Pick
"Jan, 14, 2019",Volkswagen's Electricity Price Undercuts Tesla's Superchargers By 35% To 66%,Anton Wahlman
"Jan, 14, 2019","East 72 Quarterly Report Period To December 31, 2018",Fund Letters
"Jan, 11, 2019",Why Tesla Will Likely Achieve New All-Time Highs In 2019,Victor Dergunov
"Jan, 10, 2019",Tesla: Another Shakeup,Bill Maurer
"Jan, 10, 2019",Tesla: Major Q1 Delivery Miss Seems Likely,Fishtown Capital
"Jan, 9, 2019","BYD, Tesla Chasing Different E-Truck Dreams",Nick Cox
"Jan, 8, 2019",Stanphyl Capital Letter - December 2018,Logical Thought
"Jan, 8, 2019",Tesla: These Numbers Aren't Good,Bill Maurer
"Jan, 7, 2019",Tesla Massively Delays U.S. Title Registrations For Its Cars,Acolyte of Value
"Jan, 7, 2019",Is Tesla Allowed To Sell The Model 3 In Europe?,John Engle
"Jan, 7, 2019",Tesla: Model 3 Demand Cliff In Sight,John Engle
"Jan, 3, 2019",Tesla Q4 $641 Million Net Profit Estimate And Possible Model Y Factory,Ross Tessien
"Jan, 2, 2019","Tesla: Unsold Model 3s Climb To 7,000-Plus",Donn Bailey
"Jan, 2, 2019",Tesla: Institutional Investors Return,Kwan-Chen Ma
"Jan, 2, 2019",Tesla: Q4 Deliveries Fall Short,Bill Maurer
"Jan, 2, 2019",Tesla: The Autonomy Thesis,Eady Capital
"Dec, 31, 2018",The Tesla Growth Narrative Quietly Winds Down,CoverDrive
"Dec, 31, 2018",Tesla: Demand Pull-Forward Risk,"Elazar Advisors, LLC"
"Dec, 31, 2018",Tesla Offers To Forgive Your Lease Payments If You Take Delivery By Dec. 31,Anton Wahlman
"Dec, 30, 2018",Tesla Q4 2018 Delivery Preview,Bill Maurer
"Dec, 28, 2018",Tesla Should Have No Problem Sustaining Demand,Sean Chandler
"Dec, 28, 2018","Tesla Stock: Irrational Exuberance With Staying Power, For Now",D. H. Taylor
"Dec, 27, 2018","Tesla Down 40% In Norway's Q4, 63% Of Which Explained By Jaguar",Anton Wahlman
"Dec, 27, 2018",Tesla: Why Trust Elon Musk Now?,Bill Maurer
"Dec, 26, 2018",Tesla Hits A Wall In China,John Engle
"Dec, 19, 2018",Tesla: Long-Time Bullish Analyst Flashes Warning Signs,John Engle
"Dec, 18, 2018",Will Tesla Build Model Y In Lathrop?,Ross Tessien
"Dec, 18, 2018",Tesla Questions To Be Answered,Bill Maurer
"Dec, 17, 2018","Tesla: Musk Doesn't Respect The SEC, But Bondholders Don't Respect Musk",The Fortune Teller
"Dec, 17, 2018","Tesla Model 3 Gets Formidable Challenger In $37,495 Hyundai Kona EV SUV",Anton Wahlman
"Dec, 17, 2018",Model 3's Path To Segment Domination,Numbers Nerd
"Dec, 17, 2018",Tesla's Model 3 Sales Now Face Uphill Battle As U.S. Backlog Appears Exhausted And Tax Credit Is Expiring,Kurt B. Feierabend
"Dec, 15, 2018",Tesla: Quick Look At The 2019 Convertible Settlement,Morningsidepark
"Dec, 14, 2018",Tesla Likely To Miss Sales Targets For Model 3,jaberwock
"Dec, 13, 2018",Tesla: An Unlikely Beacon Of Light In A Very Stormy Market,Victor Dergunov
"Dec, 13, 2018",How Will Tesla's Model 3 Fare In 2019?,TechGuy
"Dec, 12, 2018","Tesla To 90,000: Delivery Forecasts For The Fourth Quarter",Editors' Pick
"Dec, 12, 2018",Projecting Tesla's Fourth Quarter Results: Boom Or Bust?,Numbers Nerd
"Dec, 11, 2018",Tesla: A Costly Legal Battle?,Bill Maurer
"Dec, 11, 2018",Elon Musk On 60 Minutes: More Than An SEC Fight,John Engle
"Dec, 10, 2018",Tesla: The 60 Minutes Scare,Bill Maurer
"Dec, 6, 2018",Tesla: More Margin Pressure On The Horizon,John Engle
"Dec, 6, 2018",Tesla: The Short Thesis Is Dying,MangoTree Analysis
"Dec, 5, 2018",A Tale Of Two Teslas,Bill Maurer
"Dec, 3, 2018","Tesla: $35,000 Model 3 Still Out Of Reach",John Engle
"Dec, 3, 2018",Tesla Model 3 Production Burst Is Not Sustainable,John Engle
"Nov, 29, 2018",Tesla Bonds Telling Different Story,Bill Maurer
"Nov, 28, 2018",Steep Road Ahead For Tesla To Justify The Premium Valuation,Sapient Investor
"Nov, 28, 2018","Tesla: Brass Ring Grasped, But Not Secured",CoverDrive
"Nov, 28, 2018",Why I'm Selling Tesla Shares,Kirk Spano
"Nov, 27, 2018",Tesla: Revisiting The Threat Of Competition,Amit Ghate
"Nov, 27, 2018","Yes, Tesla Is Fairly Valued",Kwan-Chen Ma
"Nov, 26, 2018",Tesla: Winter Is Coming,Bill Maurer
"Nov, 26, 2018",Elon Musk Admits Tesla Was Weeks Away From 'Dying' - 13 Questions He Must Now Answer,Anton Wahlman
"Nov, 26, 2018",Tesla Spends Thanksgiving In Production Hell,John Engle
"Nov, 26, 2018",Tesla Mystery Shopper Report: Model 3 Version,"Kevin Wenck, CFA"
"Nov, 26, 2018",Tesla: The Nature Of European End-Of-Quarter Bursts,Acolyte of Value
"Nov, 23, 2018",The Logical Extrapolation From Tesla's Price Cut In China?,Anton Wahlman
"Nov, 22, 2018",Why Hardware 3 Is Tesla's Dark Horse,Eady Capital
"Nov, 22, 2018",Artko Capital Q3 2018 Commentary,Editors' Pick
"Nov, 21, 2018",Tesla Stellar Run Limits Further Upside,Hampstead Investor
"Nov, 20, 2018",The New 39 MPG Toyota SUV Vs. Tesla Model 3: Same Fuel Cost Per Mile,Anton Wahlman
"Nov, 20, 2018",Tesla Wants To Make Model 3 The Top-Selling Sedan In December,Sean Chandler
"Nov, 20, 2018",Tesla Delays Are Piling Up,Bill Maurer
"Nov, 20, 2018",The Good Ship Tesla Is Sailing Into The Perfect Storm,jaberwock
"Nov, 15, 2018",Tesla: Did Someone Fail Math?,Bill Maurer
"Nov, 13, 2018","It's Not Just Norway: Jaguar's Electric Car Is Beating Tesla In Other European Countries, Too",Anton Wahlman
"Nov, 12, 2018",Norway Goes Cold On Tesla This Winter,John Engle
"Nov, 12, 2018",Tesla Supercharging Advantage Shrinking,Bill Maurer
"Nov, 12, 2018",Why Volkswagen's Model 3 'Rival' Is Good For Tesla,Sean Chandler
"Nov, 9, 2018",Tesla: Is There Really Gold In EV Paradise?,Dennis Viliardos
"Nov, 9, 2018","The Price Of Volkswagen's Tesla Model 3 Competitor? $23,000, According To Reuters",Anton Wahlman
"Nov, 7, 2018",Tesla's Energy Storage Business Set To Come Into Its Own,Nick Cox
"Nov, 7, 2018",Daimler And Tesla?,Randy Carlson
"Nov, 7, 2018",Tesla And The Governments,Guy Whitehead
"Nov, 7, 2018",Tesla Turns Up The Heat On Autonomy,Eady Capital
"Nov, 7, 2018",Tesla: The Q3 Accounts Receivable Mystery,John Engle
"Nov, 6, 2018",Tesla Headwinds Continue To Grow,Bill Maurer
"Nov, 6, 2018",A More Rational Tesla Valuation And Sensitivity Analysis,Ryan Reiber
"Nov, 6, 2018","As Many Bears Capitulate Or Even Reverse Course, I've Added To My Tesla Short",Amit Ghate
"Nov, 5, 2018",Tesla: Back From The Brink?,Bram de Haas
"Nov, 5, 2018","Teslaquila: Net Profits For 2018, Here's How",Ross Tessien
"Nov, 5, 2018","Tesla, Dieselgate, And The Future",Rogier van Vlissingen
"Nov, 5, 2018",Here's How We Short Tesla And Still Sleep Soundly,"Crow Point Partners, LLC"
"Nov, 2, 2018",Tesla Can't Get Its Story Straight,Bill Maurer
"Nov, 2, 2018",A Closer Look At Tesla Q3 Margins,jaberwock
"Nov, 2, 2018","Tesla's 10-Q Reveals Q3 May Not Have Been Profitable, After All",Anton Wahlman
"Nov, 1, 2018",2 Big Reasons For Tesla's Strong Quarter,Michael Henage
"Oct, 31, 2018","Upgrading Tesla To A Buy, $425 PT On Profitability",MangoTree Analysis
"Oct, 31, 2018",Tesla Solar Roof Is Still Fantasy 2 Years After Debut,John Engle
"Oct, 31, 2018",How Does Q3 Profit Shake Out For Tesla Bulls And Bears?,The Idea Guide
"Oct, 31, 2018","Based On Q3 Cash Flow, Tesla Is Worth $20 Billion",Eady Capital
"Oct, 30, 2018",Tesla: Some Spooky Charts,Bill Maurer
"Oct, 30, 2018",Tesla: Too Far Too Fast?,Taylor Dart
"Oct, 30, 2018",Tesla Without Elon Musk,Kwan-Chen Ma
"Oct, 29, 2018",Tesla: Q3 2018 Update - SG&A And Profitability,Vincent Wolters
"Oct, 26, 2018",3 Critical Notes On The Tesla Earnings Call,Bram de Haas
"Oct, 25, 2018",Tesla: A Profit Against All Odds (And Naysayers),Bram de Haas
"Oct, 25, 2018",Why I Won't Sell Tesla Short Going Forward,Paulo Santos
"Oct, 25, 2018",Tesla Is Now A Self-Funding AI Lab,Eady Capital
"Oct, 25, 2018",Tesla: Examining Major Red Flags,Bill Maurer
"Oct, 25, 2018",Yesla!,DoctoRx
"Oct, 25, 2018",Tesla Delivers A Blockbuster Third Quarter,Victor Dergunov
"Oct, 25, 2018",Tesla: Meeting Expectations,Dan Stringer
"Oct, 25, 2018","Tesla's Q3 Beat Expectations, But Guidance For Q4 And Q1 Was Weak",Anton Wahlman
"Oct, 25, 2018","Everything's Coming Up Tesla: Smashing Expectations On Revenue, Profits, Gross Margins, And More",Jonathan Cooper
"Oct, 24, 2018",Tesla Q3 Smashes Expectations,Bill Maurer
"Oct, 24, 2018","Tesla: Great Company, Terrible Investment",The Growth Guy
"Oct, 23, 2018",Tesla Earnings Preview: Setting The Bar For Tomorrow's Extravaganza,Jonathan Cooper
"Oct, 23, 2018",Can Tesla Be Like Amazon And Netflix?,Sean Chandler
"Oct, 23, 2018",Tesla Full Self-Driving Called Out As Vaporware: Prepare For Harsh Consequences,John Engle
"Oct, 23, 2018",Tesla: A Bear Refuting The Competition Argument,MangoTree Analysis
"Oct, 23, 2018",Tesla's Third Quarter Earnings: The Brass Ring Is Within Grasp,CoverDrive
"Oct, 23, 2018",Why Am I Bullish On Tesla?,Mehdi Zare CFA
"Oct, 23, 2018",Upslope Capital Q3 2018 Investor Letter,Upslope Capital Management
"Oct, 22, 2018",Tesla Is Misleading Markets About China Factory,John Engle
"Oct, 22, 2018","Tesla, Universe And Everything?",Randy Carlson
"Oct, 22, 2018",Will The Tesla Model 3 Be Approved For Sale In Europe?,Anton Wahlman
"Oct, 22, 2018",Tesla Faces A Margin Problem In 2019,Bill Maurer
"Oct, 22, 2018","Tesla's Mid-Range Model 3: Bullish, Bearish, Or What?",jaberwock
"Oct, 22, 2018",Tesla Introduces Lower-Priced Model 3 And Removes FSD From Its Product Line: Implications,EnerTuition
"Oct, 18, 2018","Tesla's $4,000 Model 3 Price Cut Implies A Higher Battery Price Than Nissan",Anton Wahlman
"Oct, 18, 2018",Tesla: Has Model 3 Demand Collapsed?,Bill Maurer
"Oct, 17, 2018",Tesla: A Tough Time To Chase Profits,Thurman Dunn
"Oct, 17, 2018",Why Nio Is A Valid Alternative To Tesla,Paulo Santos
"Oct, 17, 2018",Tesla: No Need To Raise Funding? Wait And See,jaberwock
"Oct, 17, 2018",Jaguar i-Pace Outsells Tesla S And X Combined By 40% In Norway,Anton Wahlman
"Oct, 17, 2018",Tesla: Waking Up Too Late,Bill Maurer
"Oct, 17, 2018",Tesla's Legal Pain Has Just Begun,John Engle
"Oct, 16, 2018",Why Tesla And NIO Investors Should Be Bullish On China Sales,Financial Alphas
"Oct, 16, 2018",The Tesla Model 3 Production Ramp Has Stalled Out,John Engle
"Oct, 16, 2018","Tesla Sales Soaring, Competition Failing",Ross Tessien
"Oct, 15, 2018",Tesla's Road To China,Long Term Tips
"Oct, 12, 2018",Does Elon Musk Really Do More Harm Than Good?,Long Term Tips
"Oct, 11, 2018",On The Tesla Model 3 Being The Safest Car,Paulo Santos
"Oct, 11, 2018",Did Tesla Just Hit The Bottom?,Sean Chandler
"Oct, 11, 2018",Tesla's Most Important Vehicle,Long Term Tips
"Oct, 11, 2018",Fact Checking Tesla's Safest Car Claim,Pale Blue Dot Research
"Oct, 11, 2018",Tesla: The Cracks Are Showing,Bill Maurer
"Oct, 10, 2018","East 72 Quarterly Report To September 30, 2018",Fund Letters
"Oct, 10, 2018",Tesla: Elon Musk Is Dead Wrong About Short Sellers,John Engle
"Oct, 10, 2018",Greenlight Capital's (David Einhorn) Q3 2018 Letter,Fund Letters
"Oct, 9, 2018",Tesla's Q3 Vehicle Safety Report Reality Check,Quoth the Raven
"Oct, 7, 2018",Tesla's Autonomous Driving Narrative Has Hit A Brick Wall,John Engle
"Oct, 7, 2018",Massive Layoffs And Reorganization Ahead At Tesla,EnerTuition
"Oct, 5, 2018",Tesla Board Must Make Tough Decision,Bill Maurer
"Oct, 5, 2018","Tesla's Q3 Could Be Beautiful, But The Stock Isn't Marriage Material",UncleBrian Research
"Oct, 5, 2018",Tesla's Achilles' Heel?,Long-Short Manager
"Oct, 4, 2018",Elon Musk's Scarlet Letter,John Petersen
"Oct, 4, 2018",Elon Musk's Threats To Quit As CEO Are A Red Flag,Quoth the Raven
"Oct, 4, 2018",Tesla: Expect A Blockbuster Third Quarter,Victor Dergunov
"Oct, 3, 2018",Tesla: Different Now,Randy Carlson
"Oct, 3, 2018",Tesla: Q4 Now The Hard Part,Bill Maurer
"Oct, 3, 2018",The End Of Snap And Tesla,Scott Galloway
"Oct, 2, 2018",The Tesla-SEC Settlement: Chump Change,Joseph L. Shaefer
"Oct, 2, 2018",Tesla: The Bond Market Speaks Again,Donald van Deventer
"Oct, 2, 2018",Tesla Refuses To Reaffirm Q3 Profitability And Free Cash Flow,Anton Wahlman
"Oct, 2, 2018",Tesla's Most Undervalued Asset,Long Term Tips
"Oct, 2, 2018",Tesla - What Happens To Domestic Model 3 Demand In 2019?,Fishtown Capital
"Oct, 1, 2018",Tesla's 'Logistics Hell' Was Made In Palo Alto,UncleBrian Research
"Oct, 1, 2018",Tesla Q3 2018 Production And Deliveries: What I'll Be Watching,ValueAnalyst
"Oct, 1, 2018",Tesla: The Bond Market Speaks,Donald van Deventer
"Sep, 28, 2018",Assessing The Impact Of The SEC's Securities Fraud Allegations Against Elon Musk,Erich Reimer
"Sep, 28, 2018",The SEC Comes For Elon: The View From Longsville,Jonathan Cooper
"Sep, 28, 2018",Tesla: Breaking Down The SEC News,Bill Maurer
"Sep, 28, 2018",Technology: Where's The Tipping Point?,Editors' Pick
"Sep, 28, 2018",Tesla Is In Deep Trouble As The SEC Sues Elon Musk,John Engle
"Sep, 27, 2018",Can Tesla Be Profitable In Q3?,Bill Maurer
"Sep, 27, 2018",Short-Term Gain Means Long-Term Pain For Tesla,jaberwock
"Sep, 27, 2018",Tesla: Pulling Out All The Stops,Dan Stringer
"Sep, 27, 2018","Tesla: With Profitability On The Horizon, Now Is The Time To Go Long",Dylan Quintilone
"Sep, 27, 2018",Tesla Is Killing Competition With Its Charging Network,Tech Talker
"Sep, 27, 2018",Tesla: Elon Musk Makes Fresh Excuses In Frantic Deliveries Rush,John Engle
"Sep, 26, 2018",Will Tesla Turn A Profit In The Third Quarter?,Michael Henage
"Sep, 25, 2018",Tesla's Supercharger Moat Is Under Siege,John Engle
"Sep, 25, 2018",Tesla Q3: How Many Model 3s?,Bill Maurer
"Sep, 24, 2018",Tesla: Lithium Supply Secured?,Paulo Santos
"Sep, 24, 2018",Regulatory Roaches In Tesla's ZEV Credit Soup,John Petersen
"Sep, 24, 2018",Tesla Needs A Q3 Profit - It's Now Or Never,CoverDrive
"Sep, 24, 2018",Why Tesla Will Be Overwhelmed,"Kevin Wenck, CFA"
"Sep, 21, 2018",Why Just The Act Of Tesla Confirming A Criminal Probe Is So Meaningful,"John P. Gavin, CFA"
"Sep, 21, 2018",Tesla: Someone Should Wake Up,Bill Maurer
